00:00:00 25 04 2024;
00:01:00 25 04 2024;
00:02:00 25 04 2024;
00:03:00 25 04 2024;
00:04:00 25 04 2024;
00:05:00 25 04 2024;
00:06:00 25 04 2024;
00:07:00 25 04 2024;
00:08:00 25 04 2024;
00:09:00 25 04 2024;
00:10:00 25 04 2024;
00:11:01 25 04 2024;
00:12:00 25 04 2024;
00:13:00 25 04 2024;
00:19:00 25 04 2024;
00:21:00 25 04 2024;
00:22:00 25 04 2024;
00:24:00 25 04 2024;
00:26:00 25 04 2024;
00:27:00 25 04 2024;
00:28:01 25 04 2024;
00:29:00 25 04 2024;
00:30:00 25 04 2024;
00:31:01 25 04 2024;
00:32:00 25 04 2024;
00:33:00 25 04 2024;
00:34:00 25 04 2024;
00:35:00 25 04 2024;
00:41:00 25 04 2024;
00:43:00 25 04 2024;
01:56:00 25 04 2024;
01:57:00 25 04 2024;
01:59:00 25 04 2024;
02:00:01 25 04 2024;
02:01:00 25 04 2024;
02:02:00 25 04 2024;
02:03:00 25 04 2024;
02:04:00 25 04 2024;
02:08:00 25 04 2024;
02:19:00 25 04 2024;
02:24:00 25 04 2024;
02:48:00 25 04 2024;
02:50:00 25 04 2024;
02:52:00 25 04 2024;
02:53:00 25 04 2024;
02:55:00 25 04 2024;
02:59:00 25 04 2024;
03:00:00 25 04 2024;
03:01:01 25 04 2024;
03:02:00 25 04 2024;
03:05:00 25 04 2024;
03:06:00 25 04 2024;
03:09:00 25 04 2024;
03:10:00 25 04 2024;
03:11:00 25 04 2024;
03:13:00 25 04 2024;
03:14:00 25 04 2024;
03:15:00 25 04 2024;
03:16:00 25 04 2024;
03:17:00 25 04 2024;
03:19:00 25 04 2024;
03:20:00 25 04 2024;
03:21:00 25 04 2024;
03:22:00 25 04 2024;
03:24:00 25 04 2024;
03:32:00 25 04 2024;
03:33:00 25 04 2024;
03:34:00 25 04 2024;
03:36:01 25 04 2024;
03:38:00 25 04 2024;
03:41:00 25 04 2024;
03:42:00 25 04 2024;
03:44:00 25 04 2024;
03:45:00 25 04 2024;
03:47:00 25 04 2024;
03:48:00 25 04 2024;
03:51:00 25 04 2024;
03:52:00 25 04 2024;
03:53:00 25 04 2024;
03:54:00 25 04 2024;
03:55:00 25 04 2024;
03:56:00 25 04 2024;
03:57:00 25 04 2024;
03:58:00 25 04 2024;
03:59:00 25 04 2024;
04:00:01 25 04 2024;
04:01:00 25 04 2024;
04:02:01 25 04 2024;
04:03:00 25 04 2024;
04:04:00 25 04 2024;
04:05:00 25 04 2024;
04:06:00 25 04 2024;
04:10:00 25 04 2024;
04:11:00 25 04 2024;
04:13:00 25 04 2024;
04:14:00 25 04 2024;
04:18:00 25 04 2024;
04:20:00 25 04 2024;
04:21:00 25 04 2024;
04:23:00 25 04 2024;
04:25:00 25 04 2024;
04:29:00 25 04 2024;
04:30:00 25 04 2024;
04:33:00 25 04 2024;
04:38:00 25 04 2024;
04:39:00 25 04 2024;
04:40:00 25 04 2024;
04:42:00 25 04 2024;
04:45:00 25 04 2024;
04:46:00 25 04 2024;
04:48:00 25 04 2024;
04:53:00 25 04 2024;
04:54:00 25 04 2024;
04:58:00 25 04 2024;
05:03:00 25 04 2024;
05:06:00 25 04 2024;
05:07:00 25 04 2024;
05:08:00 25 04 2024;
05:09:00 25 04 2024;
05:15:00 25 04 2024;
05:24:00 25 04 2024;
05:25:01 25 04 2024;
05:28:00 25 04 2024;
05:35:00 25 04 2024;
05:40:00 25 04 2024;
05:45:00 25 04 2024;
05:54:00 25 04 2024;
06:00:00 25 04 2024;
06:11:00 25 04 2024;
06:15:00 25 04 2024;
06:45:00 25 04 2024;
06:49:00 25 04 2024;
06:54:00 25 04 2024;
06:56:00 25 04 2024;
06:58:00 25 04 2024;
06:59:00 25 04 2024;
07:00:00 25 04 2024;
07:01:01 25 04 2024;
07:02:00 25 04 2024;
07:05:00 25 04 2024;
07:06:00 25 04 2024;
07:10:00 25 04 2024;
07:11:00 25 04 2024;
07:12:00 25 04 2024;
07:15:00 25 04 2024;
07:16:00 25 04 2024;
09:00:00 25 04 2024;
09:02:00 25 04 2024;
09:03:00 25 04 2024;
09:05:00 25 04 2024;
09:11:00 25 04 2024;
09:14:00 25 04 2024;
09:21:00 25 04 2024;
09:22:00 25 04 2024;
09:23:00 25 04 2024;
09:25:00 25 04 2024;
09:26:00 25 04 2024;
09:28:00 25 04 2024;
09:29:00 25 04 2024;
09:30:00 25 04 2024;
09:31:00 25 04 2024;
09:33:00 25 04 2024;
09:35:00 25 04 2024;
09:39:00 25 04 2024;
09:41:00 25 04 2024;
09:42:01 25 04 2024;
09:43:00 25 04 2024;
09:44:00 25 04 2024;
09:47:00 25 04 2024;
09:49:00 25 04 2024;
09:50:00 25 04 2024;
09:53:00 25 04 2024;
09:58:00 25 04 2024;
10:49:00 25 04 2024;
10:59:00 25 04 2024;
11:04:00 25 04 2024;
11:18:00 25 04 2024;
12:15:00 25 03 2024;
14:49:00 25 03 2024;
14:50:00 25 03 2024;
17:16:00 25 03 2024;
17:19:00 25 03 2024;
17:20:00 25 03 2024;
17:21:00 25 03 2024;
17:22:00 25 03 2024;
17:23:00 25 03 2024;
17:24:00 25 03 2024;
17:25:00 25 03 2024;
17:28:00 25 03 2024;
17:30:00 25 03 2024;
17:31:00 25 03 2024;
17:33:00 25 03 2024;
17:36:00 25 03 2024;
17:39:00 25 03 2024;
17:40:00 25 03 2024;
17:42:00 25 03 2024;
17:43:00 25 03 2024;
17:44:01 25 03 2024;
17:47:00 25 03 2024;
17:54:00 25 03 2024;
17:57:00 25 03 2024;
17:58:00 25 03 2024;
17:59:00 25 03 2024;
18:00:00 25 03 2024;
18:01:00 25 03 2024;
18:02:00 25 03 2024;
18:03:00 25 03 2024;
18:04:00 25 03 2024;
18:05:00 25 03 2024;
18:06:00 25 03 2024;
18:07:00 25 03 2024;
18:08:00 25 03 2024;
18:09:00 25 03 2024;
18:10:00 25 03 2024;
18:11:00 25 03 2024;
18:12:00 25 03 2024;
18:15:00 25 03 2024;
18:18:00 25 03 2024;
18:22:00 25 03 2024;
18:26:00 25 03 2024;
18:46:00 25 03 2024;
18:52:01 25 03 2024;
18:53:00 25 03 2024;
18:56:00 25 03 2024;
18:58:00 25 03 2024;
19:00:00 25 03 2024;
19:01:00 25 03 2024;
19:04:00 25 03 2024;
19:05:00 25 03 2024;
19:06:00 25 03 2024;
19:08:00 25 03 2024;
19:17:00 25 03 2024;
19:36:00 25 03 2024;
20:05:00 25 03 2024;
20:14:00 25 03 2024;
20:15:00 25 03 2024;
20:17:00 25 03 2024;
20:22:00 25 03 2024;
20:24:00 25 03 2024;
20:25:00 25 03 2024;
21:43:00 25 03 2024;
21:52:01 25 03 2024;
22:13:00 25 03 2024;
22:20:00 25 03 2024;
22:23:00 25 03 2024;
22:27:00 25 03 2024;
22:33:00 25 03 2024;
23:52:00 25 03 2024;
23:53:00 25 04 2024;
23:54:00 25 04 2024;
23:55:00 25 04 2024;
23:56:00 25 04 2024;
23:57:00 25 04 2024;
23:58:00 25 04 2024;
23:59:00 25 04 2024;
